Opponent 1,Opponent 2,Result,Method,Date
Oleksandr Usyk,Tyson Fury,Win,Unanimous decision,2024-12-21
Oleksandr Usyk,Tyson Fury,Win,Split-decision,2024-05-18
Oleksandr Usyk,Daniel Dubois,Win,KO,2023-08-26
Oleksandr Usyk,Anthony Joshua,Win,Split-decision,2022-08-20
Oleksandr Usyk,Anthony Joshua,Win,Unanimous decision,2021-09-25
Oleksandr Usyk,Dereck Chisora,Win,Unanimous decision,2020-10-31
Oleksandr Usyk,Chazz Witherspoon,Win,Corner retirement,2019-10-12
Oleksandr Usyk,Tony Bellew,Win,Technical knockout,2018-11-10
Oleksandr Usyk,Murat Gassiev,Win,Unanimous decision,2018-07-21
Oleksandr Usyk,Mairis Briedis,Win,Majority decision,2018-01-27
Oleksandr Usyk,Marco Huck,Win,Technical knockout,2017-09-09
Oleksandr Usyk,Michael Hunter,Win,Unanimous decision,2017-04-08
Oleksandr Usyk,Thabiso Mchunu,Win,KO,2016-12-17
Oleksandr Usyk,Krzysztof Glowacki,Win,Unanimous decision,2016-09-17
Oleksandr Usyk,Pedro Julio Rodriguez,Win,Technical knockout,2015-12-12
Oleksandr Usyk,Johnny Muller,Win,Technical knockout,2015-08-29
Oleksandr Usyk,Andrei Kniazev,Win,Technical knockout,2015-04-18
Oleksandr Usyk,Danie Venter,Win,Technical knockout,2014-12-13
Oleksandr Usyk,Daniel Bruwer,Win,Technical knockout,2014-10-04
Oleksandr Usyk,Cesar David Crenz,Win,KO,2014-05-31
Oleksandr Usyk,Ben Nsafoah,Win,KO,2014-04-26
Oleksandr Usyk,Epifanio Mendoza,Win,Technical knockout,2013-12-14
Oleksandr Usyk,Felipe Romero,Win,Technical knockout,2013-11-09
Tyson Fury,Oleksandr Usyk,Loss,Unanimous decision,2024-12-21
Tyson Fury,Oleksandr Usyk,Loss,Split-decision,2024-05-18
Tyson Fury,Francis NGannou,Win,Split-decision,2023-10-28
Tyson Fury,Dereck Chisora,Win,Technical knockout,2022-12-03
Tyson Fury,Dillian Whyte,Win,Technical knockout,2022-04-23
Tyson Fury,Deontay Wilder,Win,KO,2021-10-09
Tyson Fury,Deontay Wilder,Win,Technical knockout,2020-02-22
Tyson Fury,Otto Wallin,Win,Unanimous decision,2019-09-14
Tyson Fury,Tom Schwarz,Win,Technical knockout,2019-06-15
Tyson Fury,Deontay Wilder,Draw,Split-decision,2018-12-01
Tyson Fury,Francesco Pianeta,Win,Points,2018-08-18
Tyson Fury,Sefer Seferi,Win,Corner retirement,2018-06-09
Tyson Fury,Wladimir Klitschko,Win,Unanimous decision,2015-11-28
Tyson Fury,Christian Hammer,Win,Corner retirement,2015-02-28
Tyson Fury,Dereck Chisora,Win,Corner retirement,2014-11-29
Tyson Fury,Joey Abell,Win,Technical knockout,2014-02-15
Tyson Fury,Steve Cunningham,Win,KO,2013-04-20
Tyson Fury,Kevin Johnson,Win,Unanimous decision,2012-12-01
Tyson Fury,Vinny Maddalone,Win,Technical knockout,2012-07-07
Tyson Fury,Martin Rogan,Win,Technical knockout,2012-04-14
Tyson Fury,Neven Pajkic,Win,Technical knockout,2011-11-12
Tyson Fury,Nicolai Firtha,Win,Technical knockout,2011-09-17
Tyson Fury,Dereck Chisora,Win,Unanimous decision,2011-07-23
Tyson Fury,Marcelo Nascimento,Win,KO,2011-02-19
Tyson Fury,Zack Page,Win,Unanimous decision,2010-12-18
Tyson Fury,Rich Power,Win,Points,2010-09-10
Tyson Fury,John McDermott,Win,Technical knockout,2010-06-25
Tyson Fury,Hans-Joerg Blasko,Win,Technical knockout,2010-03-05
Tyson Fury,Tomas Mrazek,Win,Points,2009-09-26
Tyson Fury,John McDermott,Win,Points,2009-09-11
Tyson Fury,Aleksandrs Selezens,Win,Technical knockout,2009-07-18
Tyson Fury,Scott Belshaw,Win,Technical knockout,2009-05-23
Tyson Fury,Mathew Ellis,Win,KO,2009-04-11
Tyson Fury,Lee Swaby,Win,Corner retirement,2009-03-14
Tyson Fury,Daniil Peretyatko,Win,Corner retirement,2009-02-28
Tyson Fury,Marcel Zeller,Win,Technical knockout,2009-01-17
Tyson Fury,Bela Gyongyosi,Win,Technical knockout,2008-12-06
Anthony Joshua,Daniel Dubois,Loss,(Opponent 1 lost – Dubois won),2024-09-21
Anthony Joshua,Francis NGannou,Win,(no official title – exhibition),2024-03-08
Anthony Joshua,Otto Wallin,Win,Corner retirement,2023-12-23
Anthony Joshua,Robert Helenius,Win,(no method listed – KO7),2023-08-12
Anthony Joshua,Jermaine Franklin,Win,Unanimous decision,2023-04-01
Anthony Joshua,Oleksandr Usyk,Loss,Split-decision,2022-08-20
Anthony Joshua,Oleksandr Usyk,Loss,Unanimous decision,2021-09-25
Anthony Joshua,Kubrat Pulev,Loss,KO,2020-12-12
Anthony Joshua,Andy Ruiz,Loss,Unanimous decision,2019-12-07
Anthony Joshua,Andy Ruiz,**Cancelled**,–,2019-06-01
Anthony Joshua,Alexander Povetkin,Win,Technical knockout,2018-09-22
Anthony Joshua,Joseph Parker,Win,Unanimous decision,2018-03-31
Anthony Joshua,Carlos Takam,Win,Technical knockout,2017-10-28
Anthony Joshua,Wladimir Klitschko,Win,Technical knockout,2017-04-29
Anthony Joshua,Eric Molina,Win,Technical knockout,2016-12-10
Anthony Joshua,Dominic Breazeale,Win,Technical knockout,2016-06-25
Anthony Joshua,Charles Martin,Win,KO,2016-04-09
Anthony Joshua,Dillian Whyte,Win,Technical knockout,2015-12-12
Anthony Joshua,Gary Cornish,Win,Technical knockout,2015-09-12
Anthony Joshua,Kevin Johnson,Win,Technical knockout,2015-05-30
Anthony Joshua,Raphael Zumbano,Win,Technical knockout,2015-05-09
Anthony Joshua,Jason Gavern,Win,KO,2015-04-04
Anthony Joshua,Michael Sprott,Win,Technical knockout,2014-11-22
Anthony Joshua,Denis Bakhtov,Win,Technical knockout,2014-10-11
Anthony Joshua,Konstantin Airich,Win,Technical knockout,2014-09-13
Anthony Joshua,Matt Skelton,Win,Technical knockout,2014-07-12
Anthony Joshua,Matt Legg,Win,KO,2014-05-31
Anthony Joshua,Hector Alfredo Avila,Win,KO,2014-03-01
Anthony Joshua,Dorian Darch,Win,Technical knockout,2014-02-01
Anthony Joshua,Hrvoje Kisicek,Win,Technical knockout,2013-11-14
Anthony Joshua,Paul Butlin,Win,Technical knockout,2013-10-26
Anthony Joshua,Emanuele Leo,Win,Technical knockout,2013-10-05
Daniel Dubois,Anthony Joshua,Win,(Opponent 1 won – Joshua lost),2024-09-21
Daniel Dubois,Filip Hrgovic,Win,(method not listed – likely KO),2024-06-01
Daniel Dubois,Jarrell Miller,Win,(method not listed),2023-12-23
Daniel Dubois,Oleksandr Usyk,Loss,KO,2023-08-26
Daniel Dubois,Kevin Lerena,Win,Unanimous decision,2022-12-03
Daniel Dubois,Trevor Bryan,Win,KO,2022-06-11
Daniel Dubois,Joe Cusumano,Win,Technical knockout,2021-08-29
Daniel Dubois,Bogdan Dinu,Win,KO,2021-06-05
Daniel Dubois,Joe Joyce,Loss,KO,2020-11-28
Daniel Dubois,Ricardo Snijders,Win,Technical knockout,2020-08-29
Daniel Dubois,Kyotaro Fujimoto,Win,(method not listed – KO),2019-12-21
Daniel Dubois,Ebenezer Tetteh,Win,Technical knockout,2019-09-27
Daniel Dubois,Nathan Gorman,Win,KO,2019-07-13
Daniel Dubois,Richard Lartey,Win,KO,2019-04-27
Daniel Dubois,Razvan Cojanu,Win,KO,2019-03-08
Daniel Dubois,Kevin Johnson,Win,Points,2018-10-06
Daniel Dubois,Tom Little,Win,Technical knockout,2018-06-23
Daniel Dubois,DL Jones,Win,Technical knockout,2018-02-24
Daniel Dubois,Dorian Darch,Win,Technical knockout,2017-12-09
Daniel Dubois,AJ Carter,Win,Technical knockout,2017-09-16
Daniel Dubois,Mauricio Barragan,Win,KO,2017-07-08
Daniel Dubois,David Howe,Win,KO,2017-05-20
Daniel Dubois,Blaise Mendouo,Win,Technical knockout,2017-04-22
Daniel Dubois,Marcus Kelly,Win,Technical knockout,2017-04-08
Dereck Chisora,Tyson Fury,Loss,Corner retirement,2022-12-03
Dereck Chisora,Kubrat Pulev,Win,Split-decision,2022-07-09
Dereck Chisora,Joseph Parker,Loss,Split-decision,2021-12-18
Dereck Chisora,Joseph Parker,Loss,Split-decision,2021-05-01
Dereck Chisora,Oleksandr Usyk,Loss,Unanimous decision,2020-10-31
Dereck Chisora,David Price,Win,Technical knockout,2019-10-26
Dereck Chisora,Artur Szpilka,Win,KO,2019-07-20
Dereck Chisora,Senad Gashi,Win,Unanimous decision,2019-04-20
Dereck Chisora,Dillian Whyte,Loss,KO,2018-12-22
Dereck Chisora,Carlos Takam,Win,Technical knockout,2018-07-28
Dereck Chisora,Zakaria Azzouzi,Win,Technical knockout,2018-03-24
Dereck Chisora,Agit Kabayel,Loss,Majority decision,2017-11-04
Dereck Chisora,Robert Filipovic,Win,Technical knockout,2017-09-30
Dereck Chisora,Dillian Whyte,Loss,Split-decision,2016-12-10
Dereck Chisora,Drazan Janjanin,Win,KO,2016-09-10
Dereck Chisora,Kubrat Pulev,Loss,Split-decision,2016-05-07
Dereck Chisora,Andras Csomor,Win,Technical knockout,2016-01-09
Dereck Chisora,Jakov Gospic,Win,Technical knockout,2015-12-12
Dereck Chisora,Peter Erdos,Win,Technical knockout,2015-12-05
Dereck Chisora,Marcelo Nascimento,Win,Points,2015-09-26
Dereck Chisora,Beka Lobjanidze,Win,KO,2015-07-24
Dereck Chisora,Tyson Fury,Loss,Corner retirement,2014-11-29
Dereck Chisora,Kevin Johnson,Win,Unanimous decision,2014-02-15
Dereck Chisora,Ondrej Pala,Win,Technical knockout,2013-11-30
Dereck Chisora,Edmund Gerber,Win,Technical knockout,2013-09-21
Dereck Chisora,Malik Scott,Win,Technical knockout,2013-07-20
Dereck Chisora,Hector Alfredo Avila,Win,Technical knockout,2013-04-20
Dereck Chisora,David Haye,Loss,Technical knockout,2012-07-14
Dereck Chisora,Vitali Klitschko,Loss,Unanimous decision,2012-02-18
Dereck Chisora,Robert Helenius,Loss,Split-decision,2011-12-03
Dereck Chisora,Remigijus Ziausys,Win,Points,2011-11-11
Dereck Chisora,Tyson Fury,Loss,Unanimous decision,2011-07-23
Dereck Chisora,Sam Sexton,Win,Technical knockout,2010-09-18
Dereck Chisora,Danny Williams,Win,Technical knockout,2010-05-15
Dereck Chisora,Carl Baker,Win,Technical knockout,2010-02-13
Dereck Chisora,Zurab Noniashvili,Win,Technical knockout,2009-10-09
Dereck Chisora,Paul Butlin,Win,Points,2009-05-22
Dereck Chisora,Daniil Peretyatko,Win,Points,2009-01-30
Dereck Chisora,Neil Simpson,Win,Corner retirement,2008-12-06
Dereck Chisora,Lee Swaby,Win,Technical knockout,2008-09-26
Dereck Chisora,Shawn McLean,Win,Technical knockout,2008-09-12
Dereck Chisora,Sam Sexton,Win,Technical knockout,2008-06-14
Dereck Chisora,Paul Butlin,Win,Points,2008-01-12
Dereck Chisora,Darren Morgan,Win,Points,2007-10-13
Dereck Chisora,Tony Booth,Win,Points,2007-04-07
Dereck Chisora,Istvan Kecskes,Win,Technical knockout,2007-02-17
Chazz Witherspoon,Oleksandr Usyk,Loss,Corner retirement,2019-10-12
Chazz Witherspoon,Santander Silgado,Win,Corner retirement,2019-03-23
Chazz Witherspoon,Lamont Capers,Win,Unanimous decision,2018-03-10
Chazz Witherspoon,Carlos Sandoval,Win,Technical knockout,2016-10-01
Chazz Witherspoon,Michael Marrone,Win,Technical knockout,2016-08-06
Chazz Witherspoon,Nick Guivas,Win,Technical knockout,2015-08-15
Chazz Witherspoon,Galen Brown,Win,Technical knockout,2015-04-18
Chazz Witherspoon,Cory Phelps,Win,Technical knockout,2015-01-24
Chazz Witherspoon,Tyyab Beale,Win,Technical knockout,2014-07-12
Chazz Witherspoon,Seth Mitchell,Loss,Technical knockout,2012-04-28
Chazz Witherspoon,David Saulsberry,Win,KO,2012-02-04
Chazz Witherspoon,Ty Cobb,Win,KO,2011-10-22
Chazz Witherspoon,Alexis Mejias,Win,Corner retirement,2010-11-19
Chazz Witherspoon,Livin Castillo,Win,Technical knockout,2010-08-28
Chazz Witherspoon,Tony Thompson,Loss,Technical knockout,2009-12-05
Chazz Witherspoon,Willie Perryman,Win,KO,2009-08-29
Chazz Witherspoon,Travis Fulton,Win,Technical knockout,2009-03-28
Chazz Witherspoon,Adam Richards,Win,Technical knockout,2008-11-15
Chazz Witherspoon,Chris Arreola,Loss,Technical knockout,2008-06-21
Chazz Witherspoon,Domonic Jenkins,Win,Unanimous decision,2008-04-16
Chazz Witherspoon,Jonathan Haggler,Win,Technical knockout,2008-02-15
Chazz Witherspoon,Kendrick Releford,Win,Unanimous decision,2008-01-05
Chazz Witherspoon,Ron Guerrero,Win,Corner retirement,2007-09-29
Chazz Witherspoon,Talmadge Griffis,Win,Technical knockout,2007-07-27
Chazz Witherspoon,Joe Stofle,Win,Technical knockout,2007-05-19
Chazz Witherspoon,Charles Davis,Win,Technical knockout,2007-04-06
Chazz Witherspoon,Patrick Smith,Win,Technical knockout,2007-02-10
Chazz Witherspoon,Earl Ladson,Win,KO,2006-10-14
Chazz Witherspoon,Innocent Otukwu,Win,KO,2006-09-15
Chazz Witherspoon,Michael Alexander,Win,Unanimous decision,2006-07-01
Chazz Witherspoon,Agustin Corpus,Win,Unanimous decision,2006-05-11
Chazz Witherspoon,David Polk,Win,Unanimous decision,2006-04-07
Chazz Witherspoon,Rodney Ray,Win,Technical knockout,2006-03-03
Chazz Witherspoon,Demetrice King,Win,Unanimous decision,2005-11-05
Chazz Witherspoon,Lincoln Luke,Win,Technical knockout,2005-09-29
Chazz Witherspoon,Marion Wilson,Win,Unanimous decision,2005-06-16
Chazz Witherspoon,Cornell Bradbury,Win,KO,2005-05-17
Chazz Witherspoon,Harold Rodriguez,Win,Technical knockout,2005-04-15
Chazz Witherspoon,David Johnson,Win,Unanimous decision,2005-02-18
Chazz Witherspoon,Yul Witherspoon,Win,Technical knockout,2005-01-27
Chazz Witherspoon,James Daniels,Win,KO,2004-12-12
Tony Bellew,Oleksandr Usyk,Loss,Technical knockout,2018-11-10
Tony Bellew,David Haye,Win,Technical knockout,2018-05-05
Tony Bellew,David Haye,Win,Technical knockout,2017-03-04
Tony Bellew,BJ Flores,Win,Technical knockout,2016-10-15
Tony Bellew,Ilunga Makabu,Win,KO,2016-05-29
Tony Bellew,Mateusz Masternak,Win,Unanimous decision,2015-12-12
Tony Bellew,Nathan Cleverly,Win,Split-decision,2014-11-22
Tony Bellew,Julio Cesar Dos Santos,Win,Technical knockout,2014-07-12
Tony Bellew,Valery Brudov,Win,Technical knockout,2014-03-15
Tony Bellew,Adonis Stevenson,Loss,KO,2013-11-30
Tony Bellew,Isaac Chilemba,Win,Majority decision,2013-05-25
Tony Bellew,Isaac Chilemba,Draw,Split-decision,2013-03-30
Tony Bellew,Edison Miranda,Win,Technical knockout,2012-09-08
Tony Bellew,Danny McIntosh,Win,Technical knockout,2012-04-13
Tony Bellew,Nathan Cleverly,Loss,Majority decision,2011-10-15
Tony Bellew,Ovill McKenzie,Win,Unanimous decision,2011-07-16
Tony Bellew,Ovill McKenzie,Win,Technical knockout,2010-12-11
Tony Bellew,Bob Ajisafe,Win,Unanimous decision,2010-09-18
Tony Bellew,Atoli Moore,Win,Technical knockout,2010-03-12
Tony Bellew,Phil Goodwin,Win,KO,2009-12-04
Tony Bellew,Matthew Ellis,Win,KO,2009-07-03
Tony Bellew,Jevgenijs Andrejevs,Win,Points,2009-03-28
Tony Bellew,Ayitey Powers,Win,Technical knockout,2008-10-17
Tony Bellew,Paul Bonson,Win,Points,2008-09-12
Tony Bellew,Hastings Rasani,Win,Technical knockout,2008-06-28
Tony Bellew,Jamie Ambler,Win,Technical knockout,2008-05-30
Tony Bellew,Adam Wilcox,Win,KO,2008-03-21
Tony Bellew,Phil Goodwin,Win,Technical knockout,2008-02-22
Tony Bellew,Wayne Brooks,Win,Technical knockout,2007-12-08
Tony Bellew,Steve Kroekel,Win,Technical knockout,2007-10-05
Tony Bellew,Jamie Ambler,Win,Technical knockout,2007-07-13
Tony Bellew,Phil Goodwin,Win,Points,2007-06-01
Murat Gassiev,Kem Ljungquist,Win,Technical knockout,2024-10-26
Murat Gassiev,Otto Wallin,Loss,Split-decision,2023-09-30
Murat Gassiev,Mike Balogun,Win,Technical knockout,2023-03-03
Murat Gassiev,Carlouse Welch,Win,(method not listed – KO),2022-08-26
Murat Gassiev,Michael Wallisch,Loss,Technical knockout,2021-07-22
Murat Gassiev,Nuri Seferi,Win,Technical knockout,2020-10-31
Murat Gassiev,Oleksandr Usyk,Loss,Unanimous decision,2018-07-21
Murat Gassiev,Yuniel Dorticos,Win,Technical knockout,2018-02-03
Murat Gassiev,Krzysztof Wlodarczyk,Win,KO,2017-10-21
Murat Gassiev,Denis Lebedev,Win,Split-decision,2016-12-03
Murat Gassiev,Jordan Shimmell,Win,KO,2016-05-17
Murat Gassiev,Isiah Thomas,No Contest,–,2015-12-18
Murat Gassiev,Rodney Moore,Win,KO,2015-06-13
Murat Gassiev,Felix Cora Jr,Win,Technical knockout,2015-04-17
Murat Gassiev,Terrance Smith,Win,Technical knockout,2015-01-23
Murat Gassiev,Engin Karakaplan,Win,Technical knockout,2014-10-31
Murat Gassiev,Leon Harth,Win,Technical knockout,2014-08-30
Mairis Briedis,Jai Opetaia,Loss,Unanimous decision,2024-05-18
Mairis Briedis,Jai Opetaia,Loss,Unanimous decision,2022-07-02
Mairis Briedis,Artur Mann,Loss,Technical knockout,2021-10-16
Mairis Briedis,Yuniel Dorticos,Loss,Majority decision,2020-09-26
Mairis Briedis,Krzysztof Glowacki,**No Contest** (overturned),–,2019-06-15
Mairis Briedis,Noel Gevor,Win,Unanimous decision,2018-11-10
Mairis Briedis,Brandon Deslaurier,Win,Unanimous decision,2018-07-21
Mairis Briedis,Oleksandr Usyk,Loss,Majority decision,2018-01-27
Mairis Briedis,Mike Perez,Win,Unanimous decision,2017-09-30
Mairis Briedis,Marco Huck,Win,Unanimous decision,2017-04-01
Mairis Briedis,Simon Vallily,Win,Technical knockout,2016-10-15
Mairis Briedis,Olanrewaju Durodola,Win,Technical knockout,2016-05-14
Mairis Briedis,Danie Venter,Win,Technical knockout,2016-02-21
Mairis Briedis,Laszlo Hubert,Win,Technical knockout,2015-11-06
Mairis Briedis,Manuel Charr,Win,KO,2015-08-22
Mairis Briedis,Emre Altintas,Win,Technical knockout,2015-06-28
Mairis Briedis,Bjoern Blaschke,Win,Technical knockout,2015-04-10
Mairis Briedis,Ismail Abdoul,Win,Unanimous decision,2014-11-14
Mairis Briedis,Csaba Faur,Win,KO,2014-09-26
Mairis Briedis,Joey Vegas,Win,Technical knockout,2014-07-26
Mairis Briedis,Lubos Suda,Win,Corner retirement,2013-11-22
Mairis Briedis,Jeremy Ouanna,Win,Unanimous decision,2013-07-05
Mairis Briedis,Jonathan Felton,Win,Technical knockout,2013-06-14
Mairis Briedis,Danny Williams,Win,Technical knockout,2013-03-23
Mairis Briedis,Fabrice Aurieng,Win,Unanimous decision,2012-12-14
Mairis Briedis,Marko Angermann,Win,Technical knockout,2012-10-20
Mairis Briedis,Pavel Zhuravlev,Win,Split-decision,2012-07-06
Mairis Briedis,Jozsef Nagy,Win,Technical knockout,2012-06-16
Mairis Briedis,Ruslan Siniavskij,Win,Technical knockout,2012-03-24
Mairis Briedis,Andrejs Naglis,Win,KO,2011-10-08
Mairis Briedis,Josip Jalusic,Win,Technical knockout,2011-06-02
Mairis Briedis,Raulis Racilauskas,Win,Unanimous decision,2009-10-11
Marco Huck,Dennis Lewandowski,Win,Unanimous decision,2020-08-29
Marco Huck,Nick Guivas,**No Contest**,–,2019-05-17
Marco Huck,Yakup Saglam,Win,Technical knockout,2018-06-16
Marco Huck,Oleksandr Usyk,Loss,Technical knockout,2017-09-09
Marco Huck,Mairis Briedis,Loss,Unanimous decision,2017-04-01
Marco Huck,Dmytro Kucher,Win,Unanimous decision,2016-11-19
Marco Huck,Ola Afolabi,Win,Corner retirement,2016-02-27
Marco Huck,Krzysztof Glowacki,Loss,KO,2015-08-14
Marco Huck,Mirko Larghetti,Win,Unanimous decision,2014-08-30
Marco Huck,Firat Arslan,Win,Technical knockout,2014-01-25
Marco Huck,Ola Afolabi,Win,Majority decision,2013-06-08
Marco Huck,Firat Arslan,Win,Unanimous decision,2012-11-03
Marco Huck,Ola Afolabi,Draw,Majority decision,2012-05-05
Marco Huck,Alexander Povetkin,Loss,Majority decision,2012-02-25
Marco Huck,Rogelio Omar Rossi,Win,KO,2011-10-22
Marco Huck,Hugo Hernan Garay,Win,KO,2011-07-16
Marco Huck,Ran Nakash,Win,Unanimous decision,2011-04-02
Marco Huck,Denis Lebedev,Win,Split-decision,2010-12-18
Marco Huck,Matt Godfrey,Win,Corner retirement,2010-08-21
Marco Huck,Brian Minto,Win,Corner retirement,2010-03-13
Marco Huck,Adam Richards,Win,KO,2010-03-13
Marco Huck,Ola Afolabi,Win,Unanimous decision,2009-12-05
Marco Huck,Victor Emilio Ramirez,Win,Unanimous decision,2009-08-29
Marco Huck,Vitaliy Rusal,Win,Technical knockout,2009-05-09
Marco Huck,Geoffrey Battelo,Win,Technical knockout,2009-01-24
Marco Huck,Fabio Tuiach,Win,Technical knockout,2008-10-25
Marco Huck,Jean Marc Monrose,Win,Unanimous decision,2008-09-20
Michael Hunter,Christian Larrondo,Win,Technical knockout,2024-12-08
Michael Hunter,Cassius Chaney,Win,Unanimous decision,2024-06-07
Michael Hunter,Artem Suslenkov,Loss,Unanimous decision,2024-04-14
Michael Hunter,Ignacio Esparza,Win,Technical knockout,2024-03-23
Michael Hunter,Jerry Forrest,Draw,Split-decision,2021-12-02
Michael Hunter,Mike Wilson,Loss,Technical knockout,2021-08-03
Michael Hunter,Shawn Laughery,Win,KO,2020-12-18
Michael Hunter,Alexander Povetkin,Draw,Split-decision,2019-12-07
Michael Hunter,Sergey Kuzmin,Win,Unanimous decision,2019-09-13
Michael Hunter,Fabio Maldonado,Win,Technical knockout,2019-05-25
Michael Hunter,Alexander Ustinov,Win,Technical knockout,2018-11-24
Michael Hunter,Martin Bakole Ilunga,Win,Technical knockout,2018-10-13
Michael Hunter,Iago Kiladze,Win,KO,2018-06-10
Michael Hunter,Terrell Jamal Woods,Win,Unanimous decision,2018-04-21
Michael Hunter,Oleksandr Usyk,Loss,Unanimous decision,2017-04-08
Michael Hunter,Isiah Thomas,Win,Unanimous decision,2016-05-13
Michael Hunter,Phil Williams,Win,KO,2016-02-27
Michael Hunter,Jason Douglas,Win,Corner retirement,2015-10-13
Michael Hunter,Mike Bissett,Win,Technical knockout,2015-07-25
Michael Hunter,Deon Elam,Win,Technical knockout,2015-06-20
Michael Hunter,Avery Gibson,Win,Unanimous decision,2015-02-05
Michael Hunter,Harvey Jolly,Win,Technical knockout,2014-08-22
Michael Hunter,Jerry Forrest,Win,Unanimous decision,2014-06-21
Michael Hunter,Rodney Hernandez,Win,Unanimous decision,2014-04-03
Michael Hunter,Gary Tapusoa,Win,Technical knockout,2014-01-24
Michael Hunter,Francisco Mireles,Win,KO,2013-08-30
Michael Hunter,Chad Davis,Win,Technical knockout,2013-03-09
Thabiso Mchunu,Muslim Gadzhimagomedov,Loss,Unanimous decision,2025-01-31
Thabiso Mchunu,Yamil Peralta,Loss,Split-decision,2024-03-22
Thabiso Mchunu,Ilunga Junior Makabu,Loss,Split-decision,2022-01-29
Thabiso Mchunu,Evgeny Tishchenko,Win,Unanimous decision,2021-03-27
Thabiso Mchunu,Denis Lebedev,Win,Unanimous decision,2019-12-21
Thabiso Mchunu,Willbeforce Shihepo,Loss,Corner retirement,2019-10-20
Thabiso Mchunu,Thomas Oosthuizen,Win,Unanimous decision,2018-12-08
Thabiso Mchunu,Thomas Oosthuizen,Loss,Majority decision,2018-09-01
Thabiso Mchunu,Ricards Bolotniks,Win,Technical knockout,2018-06-23
Thabiso Mchunu,Constantin Bejenaru,Loss,Unanimous decision,2017-11-25
Thabiso Mchunu,Johnny Muller,Win,Unanimous decision,2017-06-10
Thabiso Mchunu,Oleksandr Usyk,Loss,KO,2016-12-17
Thabiso Mchunu,Boniface Kabore,Win,Technical knockout,2016-05-20
Thabiso Mchunu,Ilunga Makabu,Loss,KO,2015-05-16
Thabiso Mchunu,Garrett Wilson,Win,Unanimous decision,2014-09-20
Thabiso Mchunu,Olanrewaju Durodola,Win,Unanimous decision,2014-01-24
Thabiso Mchunu,Eddie Chambers,Win,Unanimous decision,2013-08-03
Thabiso Mchunu,Danie Venter,Win,KO,2012-11-10
Thabiso Mchunu,Flo Simba,Win,Technical knockout,2012-09-22
Thabiso Mchunu,Flo Simba,Win,Technical knockout,2012-06-16
Thabiso Mchunu,Zack Mwekassa,Loss,Technical knockout,2011-09-24
Thabiso Mchunu,Danie Venter,Loss,Majority decision,2011-06-04
Thabiso Mchunu,Daniel Bruwer,Win,Unanimous decision,2010-11-05
Thabiso Mchunu,Ruben Groenewald,Win,Technical knockout,2010-01-22
Thabiso Mchunu,Soon Botes,Win,Technical knockout,2009-05-15
Thabiso Mchunu,Marciano Commey,Win,KO,2008-10-10
Thabiso Mchunu,Sean Santana,Win,Technical knockout,2008-07-11
Thabiso Mchunu,Patrick Madzinga,Win,Technical knockout,2008-02-29
Thabiso Mchunu,Jacques Moussisi,Win,Technical knockout,2008-01-11
Thabiso Mchunu,Kleinboy Maqashane,Win,Technical knockout,2007-11-10
Thabiso Mchunu,Mzikayise Hlengwa,Win,Technical knockout,2007-07-28
Krzysztof Glowacki,Richard Riakporhe,Loss,Technical knockout,2023-01-21
Krzysztof Glowacki,Francisco Rivas,Win,Technical knockout,2022-04-30
Krzysztof Glowacki,Lawrence Okolie,Loss,KO,2021-03-20
Krzysztof Glowacki,Mairis Briedis,**No Contest** (was TKO loss, later changed),2019-06-15
Krzysztof Glowacki,Maksim Vlasov,Win,Unanimous decision,2018-11-10
Krzysztof Glowacki,Santander Silgado,Win,KO,2018-05-12
Krzysztof Glowacki,Serhiy Radchenko,Win,Unanimous decision,2018-02-10
Krzysztof Glowacki,Leonardo Damian Bruzzese,Win,Technical knockout,2017-09-30
Krzysztof Glowacki,Hizni Altunkaya,Win,Corner retirement,2017-06-24
Krzysztof Glowacki,Oleksandr Usyk,Loss,Unanimous decision,2016-09-17
Krzysztof Glowacki,Steve Cunningham,Win,Unanimous decision,2016-04-16
Krzysztof Glowacki,Marco Huck,Win,KO,2015-08-14
Krzysztof Glowacki,Nuri Seferi,Win,Unanimous decision,2015-01-31
Krzysztof Glowacki,Thierry Karl,Win,KO,2014-10-18
Krzysztof Glowacki,Ismail Abdoul,Win,Unanimous decision,2014-06-28
Krzysztof Glowacki,Varol Vekiloglu,Win,Technical knockout,2013-12-14
Krzysztof Glowacki,Richard Hall,Win,Corner retirement,2013-10-19
Krzysztof Glowacki,Taylor Mabika,Win,Unanimous decision,2013-04-20
Krzysztof Glowacki,Matty Askin,Win,KO,2012-11-17
Krzysztof Glowacki,Felipe Romero,Win,Technical knockout,2012-08-18
Krzysztof Glowacki,Lukasz Rusiewicz,Win,Unanimous decision,2009-10-17
Pedro Julio Rodriguez,Darmani Rock,Loss,Technical knockout,2018-10-06
Pedro Julio Rodriguez,Andrey Afonin,Loss,Corner retirement,2018-05-19
Pedro Julio Rodriguez,Scott Alexander,Loss,Corner retirement,2018-03-17
Pedro Julio Rodriguez,Iago Kiladze,Loss,Technical knockout,2017-11-04
Pedro Julio Rodriguez,Terrell Jamal Woods,Win,Unanimous decision,2016-09-17
Pedro Julio Rodriguez,Oleksandr Usyk,Loss,Technical knockout,2015-12-12
Pedro Julio Rodriguez,Roberto Jimenez,Win,Technical knockout,2015-09-04
Pedro Julio Rodriguez,Andy Perez,Win,Corner retirement,2015-06-05
Pedro Julio Rodriguez,Aneudy Marte,Win,Corner retirement,2015-04-21
Pedro Julio Rodriguez,Carlos Pena,Win,Unanimous decision,2015-03-07
Pedro Julio Rodriguez,Elias Ramirez,Win,Technical knockout,2015-02-07
Pedro Julio Rodriguez,Cesar Gil,Win,Technical knockout,2015-01-10
Pedro Julio Rodriguez,Jose Felix,Win,Technical knockout,2014-12-16
Pedro Julio Rodriguez,William Gill,Win,Technical knockout,2013-04-27
Pedro Julio Rodriguez,Antonio Ramirez,Win,Technical knockout,2013-03-23
Pedro Julio Rodriguez,Enercido Marmolejos,Win,Technical knockout,2012-10-30
Pedro Julio Rodriguez,Cleudy Matos,Win,Technical knockout,2012-07-26
Pedro Julio Rodriguez,Narciso Araujo,Win,Technical knockout,2012-07-23
Pedro Julio Rodriguez,Cleudy Matos,Win,Technical knockout,2012-07-11
Pedro Julio Rodriguez,Victor Rodriguez,Win,Technical knockout,2012-07-07
Pedro Julio Rodriguez,Magomed Abdusalamov,Loss,Technical knockout,2012-02-03
Pedro Julio Rodriguez,Chris Barnett,Win,Unanimous decision,2011-11-11
Pedro Julio Rodriguez,Francisco Alvarez,Win,KO,2011-10-14
Pedro Julio Rodriguez,Adolfo Lizarraga,Win,KO,2011-08-27
Pedro Julio Rodriguez,Juan Jose Ruiz,Win,Unanimous decision,2011-04-23
Pedro Julio Rodriguez,T J Cook,Win,Technical knockout,2010-12-17
Pedro Julio Rodriguez,Abdulah Dobey,Win,KO,2010-08-24
Pedro Julio Rodriguez,Christopher Boykins,Win,Technical knockout,2010-06-04
Pedro Julio Rodriguez,Hilario Guzman,Win,Technical knockout,2010-02-05
Johnny Muller,Akani Phuzi,Win,Split-decision,2021-06-19
Johnny Muller,Akani Phuzi,Win,Unanimous decision,2020-12-19
Johnny Muller,Petar Milas,Loss,Unanimous decision,2019-10-26
Johnny Muller,Kizito Ruhamnye,Win,Unanimous decision,2019-06-29
Johnny Muller,Thabiso Mchunu,Loss,Unanimous decision,2017-06-10
Johnny Muller,Herman Potgieter,Win,Technical knockout,2016-12-01
Johnny Muller,Micki Nielsen,Loss,Unanimous decision,2016-06-11
Johnny Muller,Kevin Lerena,Loss,Technical knockout,2016-04-24
Johnny Muller,Oleksandr Usyk,Loss,Technical knockout,2015-08-29
Johnny Muller,Mateusz Masternak,Win,Split-decision,2015-06-06
Johnny Muller,Donald Kampamba,Win,Technical knockout,2015-04-13
Johnny Muller,Kevin Lerena,Win,Unanimous decision,2014-11-15
Johnny Muller,Doudou Ngumbu,Loss,Unanimous decision,2014-06-21
Johnny Muller,Willbeforce Shihepo,Win,Split-decision,2014-03-01
Johnny Muller,Vhonani Netshidamboni,Win,Technical knockout,2013-11-26
Johnny Muller,Tshepang Mohale,Win,Technical knockout,2013-08-31
Johnny Muller,Ryno Liebenberg,Loss,Unanimous decision,2013-06-15
Johnny Muller,Kizito Ruhamnye,Win,KO,2013-03-18
Johnny Muller,Lee Dyer,Win,KO,2012-12-03
Johnny Muller,Ryno Liebenberg,Loss,Technical knockout,2012-09-22
Johnny Muller,Khayeni Hlungwane,Win,Technical knockout,2012-07-09
Johnny Muller,Donald Kampamba,Win,Unanimous decision,2011-11-30
Johnny Muller,Tshepang Mohale,Loss,Technical knockout,2011-06-04
Johnny Muller,Roedolf Venter,Win,Technical knockout,2011-03-01
Johnny Muller,Ronnie Lategan,Win,Technical knockout,2010-11-30
Johnny Muller,Patrick Madzinga,Draw,Majority decision,2010-09-18
Johnny Muller,Mongezi Ndzamela,Win,Unanimous decision,2009-11-27
Johnny Muller,Sean Santana,Win,Technical knockout,2009-09-24
Andrei Kniazev,Arslan Iallyev,Win,Unanimous decision,2020-08-22
Andrei Kniazev,Rashid Kodzoev,Loss,Unanimous decision,2018-05-26
Andrei Kniazev,Aleksei Egorov,Loss,Technical knockout,2017-11-27
Andrei Kniazev,Yury Bykhautsou,Win,Unanimous decision,2017-05-27
Andrei Kniazev,Igor Pylypenko,Win,Corner retirement,2017-04-08
Andrei Kniazev,Ismayl Sillah,Loss,– (fight stopped due to riot),2016-12-23
Andrei Kniazev,Sergey Beloshapkin,Win,KO,2016-12-15
Andrei Kniazev,Ruslan Fayfer,Loss,Unanimous decision,2016-09-23
Andrei Kniazev,Arsen Goulamirian,Loss,Unanimous decision,2016-05-20
Andrei Kniazev,Steve Tagnang Momo,Win,KO,2016-02-27
Andrei Kniazev,Ilya Rolgeyzer,Win,Unanimous decision,2015-08-22
Andrei Kniazev,Oleksandr Usyk,Loss,Technical knockout,2015-04-18
Andrei Kniazev,Shalva Jomardashvili,Win,Technical knockout,2014-09-27
Andrei Kniazev,Ruslan Semenov,Win,Technical knockout,2014-04-25
Andrei Kniazev,Yury Bykhautsou,Loss,Unanimous decision,2013-11-30
Andrei Kniazev,Vitaly Mugunov,Win,Corner retirement,2013-09-13
Andrei Kniazev,Anar Mammadov,Win,Unanimous decision,2013-06-21
Andrei Kniazev,Elyorbek Gulomov,Win,Technical knockout,2013-04-27
Andrei Kniazev,Rihards Bigis,Win,Technical knockout,2013-02-23
Andrei Kniazev,Ruslan Semenov,Win,Technical knockout,2012-11-24
Andrei Kniazev,Stanislav Lukyanchikov,Win,Unanimous decision,2012-09-27
Andrei Kniazev,Ahmad Sarimsakov,Win,Unanimous decision,2012-05-26
Andrei Kniazev,Yuri Potanin,Win,Technical knockout,2012-03-31
Andrei Kniazev,Sergey Mukhametshin,Win,Unanimous decision,2012-03-17
Danie Venter,Mairis Briedis,Loss,Technical knockout,2016-02-21
Danie Venter,Vusumzi Mlindwa,Win,Technical knockout,2015-07-29
Danie Venter,Oleksandr Usyk,Loss,Technical knockout,2014-12-13
Danie Venter,Big Ben Marcell Mulumba,Win,Technical knockout,2014-10-10
Danie Venter,Shawn Cox,Win,KO,2013-09-21
Danie Venter,Elvis Moyo,Win,Points,2013-07-27
Danie Venter,Thabiso Mchunu,Loss,KO,2012-11-10
Danie Venter,Zack Mwekassa,Win,Technical knockout,2012-09-22
Danie Venter,Daniel Bruwer,Loss,Unanimous decision,2012-06-16
Danie Venter,Fikile Nyalunga,Win,Technical knockout,2013-06-02
Danie Venter,Daniel Bruwer,Loss,Unanimous decision,2012-06-16
Danie Venter,Alex Mbaya,Win,Technical knockout,2012-04-21
Danie Venter,Flo Simba,Win,Technical knockout,2011-09-24
Danie Venter,Kali Kelembe,Win,Majority decision,2013-06-01
Danie Venter,Flo Simba,Loss,Technical knockout,2010-10-30
Danie Venter,Chamunorwa Gonorenda,Win,Unanimous decision,2010-09-03
Danie Venter,Kali Kelembe,Win,Technical knockout,2013-06-01
Danie Venter,Earl Morais,Win,Technical knockout,2006-07-29
Danie Venter,Gyorgy Hidvegi,Loss,Corner retirement,2006-11-04
Danie Venter,Leon Nkendzap,Win,Technical knockout,2004-06-29
Danie Venter,Lulamile Khumalo,Win,Technical knockout,2004-02-06
Daniel Bruwer,Thomas Oosthuizen,Loss,Technical knockout,2016-08-27
Daniel Bruwer,Oleksandr Usyk,Loss,Technical knockout,2014-10-04
Daniel Bruwer,Sofiane Sebihi,Win,KO,2013-09-21
Daniel Bruwer,Fikile Nyalunga,Win,Technical knockout,2013-06-02
Daniel Bruwer,Danie Venter,Win,Unanimous decision,2012-06-16
Daniel Bruwer,Flo Simba,Loss,Unanimous decision,2012-03-03
Daniel Bruwer,Alexander Alekseev,Loss,Technical knockout,2011-11-18
Daniel Bruwer,Ruben Groenewald,Win,Technical knockout,2011-01-29
Daniel Bruwer,Thabiso Mchunu,Loss,Unanimous decision,2010-11-05
Daniel Bruwer,Sean Santana,Win,Technical knockout,2010-07-08
Daniel Bruwer,Ronnie Lategan,Win,Technical knockout,2008-08-16
Daniel Bruwer,Anthony van Niekerk,Win,Technical knockout,2008-05-31
Daniel Bruwer,Komgrit Nanakorn,Win,Unanimous decision,2008-04-04
Daniel Bruwer,Soon Botes,Win,Technical knockout,2007-11-12
Daniel Bruwer,Eduardo Rojas,Win,Technical knockout,2006-02-25
Daniel Bruwer,Andre Thysse,Loss,Unanimous decision,2005-08-31
Daniel Bruwer,Alberto Maciel,Win,KO,2005-04-01
Daniel Bruwer,Fernando Vera,Draw,Points,2005-02-24
Daniel Bruwer,Mcebisi Dulaze,Win,Technical knockout,2004-11-26
Daniel Bruwer,Bernardo Mukisi,Win,Technical knockout,2004-09-04
Daniel Bruwer,Juan Manuel Garay,Win,KO,2004-09-04
Daniel Bruwer,Cesar Acevedo,Win,KO,2004-07-17
Daniel Bruwer,Jorge Torres,Loss,KO,2005-02-26
Daniel Bruwer,Jorge Torres,Win,Unanimous decision,2004-05-22
Cesar David Crenz,Oleksandr Teslenko,Loss,KO,2021-06-12
Cesar David Crenz,Yury Kashinsky,Win,KO,2020-02-12
Cesar David Crenz,Timur Sakulin,Loss,Technical knockout,2019-12-22
Cesar David Crenz,Firat Arslan,Loss,KO,2019-06-22
Cesar David Crenz,Ryad Merhy,Win,KO,2019-05-04
Cesar David Crenz,Esteban Raul Lopez,Loss,– (No result listed),2019-03-16
Cesar David Crenz,Fabio Turchi,Loss,KO,2017-07-15
Cesar David Crenz,Ruslan Fayfer,Loss,Technical knockout,2017-03-25
Cesar David Crenz,Esteban Raul Lopez,Win,Unanimous decision,2016-11-18
Cesar David Crenz,Oleksandr Usyk,Loss,KO,2014-05-31
Cesar David Crenz,Youri Kalenga,Loss,KO,2014-02-15
Cesar David Crenz,Mariano Diaz Strunz,Win,Unanimous decision,2013-10-04
Cesar David Crenz,Pawel Kolodziej,Loss,Unanimous decision,2013-06-15
Cesar David Crenz,Dmytro Kucher,Loss,KO,2012-06-27
Cesar David Crenz,Hugo Garay,Win,Technical knockout,2011-10-14
Cesar David Crenz,Claudio Palacio,Win,Technical knockout,2011-09-23
Cesar David Crenz,Rogelio Omar Rossi,Loss,KO,2011-01-14
Cesar David Crenz,Yoan Pablo Hernandez,Loss,Unanimous decision,2010-03-13
Cesar David Crenz,Orlando Farias,Win,Technical knockout,2009-11-13
Cesar David Crenz,Sergio Beaz,Win,Technical knockout,2009-08-07
Cesar David Crenz,Hector Avila,Win,Technical knockout,2009-02-28
Cesar David Crenz,Franco Sanchez,Win,Corner retirement,2007-09-22
Cesar David Crenz,Rudolf Kraj,Loss,Technical knockout,2007-01-13
Cesar David Crenz,Gustavo Kapusi,Win,Unanimous decision,2006-06-03
Cesar David Crenz,Jorge Torres,Loss,KO,2005-02-26
Cesar David Crenz,Juan Manuel Garay,Win,Unanimous decision,2004-09-04
Ben Nsafoah,Koeksal Orduhan,Win,Points,2022-10-29
Ben Nsafoah,Aleksandar Nikolic,Win,Technical knockout,2022-07-02
Ben Nsafoah,Kascper Stajno,Win,Technical knockout,2022-01-29
Ben Nsafoah,Mehmet Karaka,Loss,Technical knockout,2021-07-31
Ben Nsafoah,Dusko Vujicic,Win,Technical knockout,2020-02-15
Ben Nsafoah,Dennis Ronert,Loss,Unanimous decision,2017-12-02
Ben Nsafoah,Juergen Uldedaj,Loss,Unanimous decision,2016-06-04
Ben Nsafoah,Adam Deines,Loss,Unanimous decision,2015-06-25
Ben Nsafoah,Ryad Merhy,Loss,KO,2014-12-06
Ben Nsafoah,Mateusz Masternak,Loss,Corner retirement,2014-09-27
Ben Nsafoah,Ehsan Maudodi,Loss,Unanimous decision,2014-08-30
Ben Nsafoah,Oleksandr Usyk,Loss,KO,2014-04-26
Ben Nsafoah,Ismail Abdoul,Loss,Unanimous decision,2013-06-29
Ben Nsafoah,Dennis Ronert,Loss,Points,2013-03-02
Ben Nsafoah,Muslim Gadzhimagomedov,Loss,Unanimous decision,2025-01-31
Epifanio Mendoza,Jesus Escalera,Loss,Technical knockout,2023-03-24
Epifanio Mendoza,Manuel Banquez,Win,Technical knockout,2022-12-10
Epifanio Mendoza,Mustafa Albehadili,Loss,Unanimous decision,2022-10-29
Epifanio Mendoza,Felix Parada,Loss,Technical knockout,2022-04-08
Epifanio Mendoza,Maurenzo Smith,Loss,KO,2021-03-20
Epifanio Mendoza,Alexandru Gabroveanu,Loss,Technical knockout,2019-12-21
Epifanio Mendoza,Carlouse Welch,Loss,Unanimous decision,2019-08-09
Epifanio Mendoza,Erik Pfeifer,Win,Corner retirement,2019-07-06
Epifanio Mendoza,Hussein Muhamed,Loss,Corner retirement,2018-07-01
Epifanio Mendoza,Sherman Williams,Loss,Technical knockout,2018-05-26
Epifanio Mendoza,Rad Rashid,Loss,Corner retirement,2017-11-04
Epifanio Mendoza,Werner Kreiskott,Loss,(retired after fight),2017-02-11
Epifanio Mendoza,Daniel Noguera,Win,KO,2016-12-30
Epifanio Mendoza,Sotirios Georgikeas,Loss,KO,2016-11-19
Epifanio Mendoza,LaRon Mitchell,Loss,KO,2016-06-24
Epifanio Mendoza,Javier Meza,Win,KO,2015-11-14
Epifanio Mendoza,Travis Kauffman,Loss,KO,2015-09-18
Epifanio Mendoza,Tomas Orozco Rodriguez,Win,Technical knockout,2015-07-25
Epifanio Mendoza,Trevor Bryan,Loss,Corner retirement,2015-04-11
Epifanio Mendoza,Dominic Breazeale,Loss,KO,2014-12-11
Epifanio Mendoza,Rey Recio,Win,Unanimous decision,2014-11-09
Epifanio Mendoza,Francisco Palacios,Loss,Unanimous decision,2014-09-20
Epifanio Mendoza,Rey Recio,Win,Unanimous decision,2014-08-29
Epifanio Mendoza,Ulises Villalobos,Win,Technical knockout,2014-08-18
Epifanio Mendoza,Jordan Shimmell,Loss,Technical knockout,2014-08-01
Epifanio Mendoza,Lioscar Malo,Win,Technical knockout,2014-06-20
Epifanio Mendoza,Todor Ilic,Win,Technical knockout,2014-03-26
Epifanio Mendoza,Oleksandr Usyk,Loss,Technical knockout,2013-12-14
Epifanio Mendoza,Rakhim Chakhkiev,Loss,KO,2012-10-12
Epifanio Mendoza,Clemente Perez,Win,KO,2012-08-31
Epifanio Mendoza,William Gonzalez,Win,Technical knockout,2012-08-18
Epifanio Mendoza,Luis Ortiz,Loss,Corner retirement,2012-02-10
Epifanio Mendoza,Amir Mansour,Loss,Technical knockout,2011-12-02
Epifanio Mendoza,Carlos Negron,Win,KO,2011-09-02
Felipe Romero,Ernesbadi Begue,**(no decision yet)**,–,2021-12-21
Felipe Romero,Eric Murguia,Loss,KO,2020-11-14
Felipe Romero,Ramon Valdez,Loss,Corner retirement,2019-12-13
Felipe Romero,Steven Nelson,Loss,Unanimous decision,2019-02-15
Felipe Romero,Jaudiel Zepeda,Win,Corner retirement,2018-06-22
Felipe Romero,Denton Daley,Loss,Corner retirement,2017-06-30
Felipe Romero,Luis Garcia,Loss,Technical knockout,2017-06-03
Felipe Romero,Joseph Williams,Loss,Technical knockout,2017-04-22
Felipe Romero,Steve Cunningham,Loss,Unanimous decision,2017-03-17
Felipe Romero,Egor Mekhontsev,Loss,Unanimous decision,2016-01-30
Felipe Romero,David Benavidez,Loss,Technical knockout,2015-11-14
Felipe Romero,Dmitry Bivol,Loss,KO,2015-08-27
Felipe Romero,Ramon Olivas,Win,KO,2014-12-06
Felipe Romero,Francisco Reza,Win,KO,2014-05-31
Felipe Romero,Jaudiel Zepeda,Win,Unanimous decision,2014-03-29
Felipe Romero,Oleksandr Usyk,Loss,Technical knockout,2013-11-09
Felipe Romero,Alex Leapai,Loss,Technical knockout,2013-08-09
Felipe Romero,Cristobal Elizalde,Win,KO,2013-03-22
Felipe Romero,Krzysztof Glowacki,Loss,Technical knockout,2012-08-18
Felipe Romero,Mateusz Masternak,Loss,Technical knockout,2012-03-31
Felipe Romero,Julio Cesar Gonzalez,Win,Unanimous decision,2011-09-30
Felipe Romero,Saul Montana,Win,Majority decision,2011-05-20
Felipe Romero,Julio Cesar Gonzalez,Win,Unanimous decision,2010-08-07
Felipe Romero,Juan Romo,Win,Technical knockout,2010-05-21
Felipe Romero,Daniel Cota,Win,Unanimous decision,2010-03-13
Felipe Romero,Michael Sweeney,Win,Technical knockout,2009-12-19
Felipe Romero,Ramiro Reducindo,Loss,Unanimous decision,2008-09-13
Felipe Romero,Rigoberto Alvarez,Loss,KO,2008-06-28
Felipe Romero,Hugo Lomeli,Win,Unanimous decision,2008-05-02
Felipe Romero,Ramiro Reducindo,Loss,Split-decision,2007-09-28
Felipe Romero,Ricardo Arce Sarmiento,Win,Technical knockout,2007-08-04
Felipe Romero,Ramiro Reducindo,Win,KO,2007-05-26
Felipe Romero,Alberto Alcaraz,Loss,Technical knockout,2007-05-05
Felipe Romero,Ramiro Reducindo,Win,Split-decision,2007-09-28
Felipe Romero,Ricardo Arce Sarmiento,Win,Technical knockout,2007-08-04
Felipe Romero,Ramiro Reducindo,Win,KO,2007-05-26
Felipe Romero,Alberto Alcaraz,Win,KO,2007-05-05
Felipe Romero,Wilfrido Leal,Loss,TKO,2007-03-16
Felipe Romero,JJ McAllister,Draw,TKO,2006-06-01
Felipe Romero,Richard Paige,Win,TKO,2006-04-14
Felipe Romero,Darrin Freeman,Win,TKO,2006-02-10
Felipe Romero,Natanael Eliseo,Win,TKO,2005-12-10
Felipe Romero,Jose Luis Serrano,Win,TKO,2005-11-19
Felipe Romero,Martin Murillo,Win,TKO,2005-10-15
